,Unnamed: 0,date,content,id,likeCount,retweetCount,retweetedTweet,username,verified,followersCount,english-content
0,0,2017-04-09 19:59:50+00:00,Imorgon noterar sig FM Mattsson p√• b√∂rsen - SvD B√∂rsplus var positiva till erbjudandet inf√∂r noteringen https://t.co/WJ9x0Lf8G3,851162760331358208,5,2,,Nyemissioner,False,15436,"Translated(src=sv, dest=en, text=Tomorrow FM Mattsson will list on the stock exchange - SvD B√∂rsplus was positive about the offer before the listing https://t.co/WJ9x0Lf8G3, pronunciation=Tomorrow FM Mattsson will list on the stock exchange - SvD B√∂rsplus was positive about the offer before the listing https://t.co/WJ9x0Lf8G3, extra_data=""{'translat..."")"
1,1,2017-04-09 17:30:08+00:00,"Avsnitt 12 √§r nu ute! Denna g√•ngen diskuterar vi nyintroduktionen av FM Mattsson och nyintroducerade Chromogenics!

https://t.co/8ONzYNE4k3",851125085767430144,1,0,,Borskoll_se,False,257,"Translated(src=sv, dest=en, text=Episode 12 is out now! This time we discuss the new introduction of FM Mattsson and newly introduced Chromogenics!

https://t.co/8ONzYNE4k3, pronunciation=[[]], extra_data=""{'translat..."")"
2,3,2017-04-07 09:52:29+00:00,"Expressen: RT dise_tv: DiTV blickar mot n√§sta vecka: FM Mattsson b√∂rsnoteras ‚Ä¢ ""Gynnas av det stigande bostadsbygg‚Ä¶ https://t.co/03eD4LkmYf",850285137698926592,0,0,,WaseemRadwan,False,272,"Translated(src=sv, dest=en, text=Expressen: RT dise_tv: DiTV looks to next week: FM Mattsson listed on the stock exchange ‚Ä¢ ""Benefits from rising housing construction‚Ä¶ https://t.co/03eD4LkmYf, pronunciation=Expressen: RT dise_tv: DiTV looks to next week: FM Mattsson listed on the stock exchange ‚Ä¢ ""Benefits from rising housing construction‚Ä¶ https://t.co/03eD4LkmYf, extra_data=""{'translat..."")"
3,4,2017-04-07 09:38:09+00:00,"DiTV blickar mot n√§sta vecka: FM Mattsson b√∂rsnoteras ‚Ä¢ ""Gynnas av det stigande bostadsbyggandet"" #ditv
Se mer: https://t.co/OdfPvFj47i https://t.co/zsjuNiMTcX",850281532631785472,2,2,,dise_tv,False,3343,"Translated(src=sv, dest=en, text=DiTV looks to next week: FM Mattsson listed on the stock exchange ‚Ä¢ ""Benefits from rising housing construction"" #ditv
See more: https://t.co/OdfPvFj47i https://t.co/zsjuNiMTcX, pronunciation=[[]], extra_data=""{'translat..."")"
4,5,2017-04-06 16:36:26+00:00,Fick full tilldelning i b√•de actic o FM Mattsson.,850024409486307328,2,0,,riknangang,False,280,"Translated(src=sv, dest=en, text=Received full award in both actic and FM Mattsson., pronunciation=Received full award in both actic and FM Mattsson., extra_data=""{'translat..."")"
5,6,2017-04-06 05:00:38+00:00,Den h√§r modellen f√∂r√∂vrigt med lesser devils i form av Actic och FM Mattsson (vars enda s√§ljrek kommer fr√•n en branschtidning) √§r ett otyg.,849849303875145728,1,0,,httyinvesting,False,1979,"Translated(src=sv, dest=en, text=Incidentally, this model with lesser devils in the form of Actic and FM Mattsson (whose only sales rack comes from an industry magazine) is a nuisance., pronunciation=Incidentally, this model with lesser devils in the form of Actic and FM Mattsson (whose only sales rack comes from an industry magazine) is a nuisance., extra_data=""{'translat..."")"
6,7,2017-04-05 22:03:21+00:00,@csntradeRn Haha blev att jag √§ndrade mig och tecknade i b√•de Fm Mattsson och Actic under de sista minuterna. ^^,849744291966615553,1,0,,NiklasOlof,False,380,"Translated(src=sv, dest=en, text=@csntradeRn Haha was that I changed and drew in both Fm Mattsson and Actic during the last minutes. ^^, pronunciation=[[]], extra_data=""{'translat..."")"
7,8,2017-04-05 18:55:43+00:00,Snart st√§nger boken f√∂r FM Mattsson med Svolder som cornerstone-investerare?,849697073926635521,0,0,,lqwarn,False,685,"Translated(src=sv, dest=en, text=Will the book close for FM Mattsson soon with Svolder as a cornerstone investor?, pronunciation=Will the book close for FM Mattsson soon with Svolder as a cornerstone investor?, extra_data=""{'translat..."")"
8,9,2017-04-05 18:54:06+00:00,D√• va USA bokad üéâüéâüéâüòÉüòÉüòÉ,849696665703514112,1,0,,FM_mattsson,False,47,"Translated(src=sv, dest=en, text=Then the USA was booked üéâüéâüéâüòÉüòÉüòÉ, pronunciation=Then the USA was booked üéâüéâüéâüòÉüòÉüòÉ, extra_data=""{'translat..."")"
9,10,2017-04-05 17:50:40+00:00,"√Örets #Courtage√Öterb√§ring fr√•n @avanzabank &amp; @NordnetSE?  

#FMmattsson
https://t.co/fRA3xTWFuS",849680701087784960,3,0,,40procent20ar,False,30553,"Translated(src=sv, dest=en, text=This year's BrokerageRemount from @avanzabank & @NordnetSE?

#FMmattsson
https://t.co/fRA3xTWFuS, pronunciation=[[]], extra_data=""{'translat..."")"
10,11,2017-04-05 17:46:02+00:00,"Tecknar SSM, Actic och FM Mattsson av kommande IPOs",849679536585412610,1,0,,dominiccasarot1,False,105,"Translated(src=sv, dest=en, text=Signs SSM, Actic and FM Mattsson of upcoming IPOs, pronunciation=Signs SSM, Actic and FM Mattsson of upcoming IPOs, extra_data=""{'translat..."")"
11,12,2017-04-05 17:36:59+00:00,Har s√∂kt FM Mattsson,849677260747681792,1,0,,csntradeRn,False,1212,"Translated(src=sv, dest=en, text=Has applied for FM Mattsson, pronunciation=Has applied for FM Mattsson, extra_data=""{'translat..."")"
12,13,2017-04-05 16:26:36+00:00,@MytenLegenden Hmm d√• f√•r vi fundera vidare üòÉ,849659545404178433,0,0,,FM_mattsson,False,47,"Translated(src=sv, dest=en, text=@MytenLegenden Hmm then we have to think further üòÉ, pronunciation=@MytenLegenden Hmm then we have to think further üòÉ, extra_data=""{'translat..."")"
13,14,2017-04-05 16:25:52+00:00,"@FM_mattsson Shopping -&gt; New York. Dock tyckte inte jag NY var n√•t att ha, men det √§r jag üôÑ. 
Hyra bil i Californien har jag ju h√∂rt √§r guld!",849659362633293824,0,0,,MytenLegenden,False,226,"Translated(src=sv, dest=en, text=@FM_mattsson Shopping -> New York. However, I did not think NY was something to have, but I am üôÑ.
Rent a car in California I have heard is gold!, pronunciation=[[]], extra_data=""{'translat..."")"
14,16,2017-04-05 16:17:37+00:00,@FM_mattsson Orlando e kul. Om man gillar berg- och dalbanor üòé,849657284099809281,0,0,,MytenLegenden,False,226,"Translated(src=sv, dest=en, text=@FM_mattsson Orlando e kul. If you like roller coasters üòé, pronunciation=[[]], extra_data=""{'translat..."")"
15,17,2017-04-05 16:16:42+00:00,@MytenLegenden Inte best√§mt d√§rf√∂r jag fr√•gar va folk tycker att man ska g√∂ra d√§r :),849657053626945537,0,0,,FM_mattsson,False,47,"Translated(src=sv, dest=en, text=@MytenLegenden Not decided why I ask what people think you should do there :), pronunciation=@MytenLegenden Not decided why I ask what people think you should do there :), extra_data=""{'translat..."")"
16,18,2017-04-05 16:16:06+00:00,@FM_mattsson Vart i USA?,849656904708235264,0,0,,MytenLegenden,False,226,"Translated(src=sv, dest=en, text=@FM_mattsson Where in the US?, pronunciation=@FM_mattsson Where in the US?, extra_data=""{'translat..."")"
17,19,2017-04-05 15:34:46+00:00,N√•gon som har √•kt till USA?! Vad f√•r man inte missa om man √§r d√§r?,849646503492767745,0,0,,FM_mattsson,False,47,"Translated(src=sv, dest=en, text=Anyone been to the US ?! What can you not miss if you are there?, pronunciation=[[]], extra_data=""{'translat..."")"
18,20,2017-04-05 15:21:25+00:00,Funderar p√• att teckna FM Mattsson (FM Mattson enligt ava). Hur g√∂r ni? Gilla om ni tecknar o kommentera vad ni tycker (pos eller neg),849643142609502208,8,0,,csntradeRn,False,1212,"Translated(src=sv, dest=en, text=Considering drawing FM Mattsson (FM Mattson according to ava). How do you? Like if you draw and comment on what you think (pos or neg), pronunciation=None, extra_data=""{'translat..."")"
19,21,2017-04-05 11:18:49+00:00,Analyst Group presenterar IPO-Letter nr 3 ‚Äì 2017 med A1M Pharma och FM Mattsson: https://t.co/T4qWlS0Ckm https://t.co/Rjrvzj6t8d,849582089129172992,2,0,,Analyst_Group,False,4535,"Translated(src=sv, dest=en, text=Analyst Group presents IPO-Letter no. 3 - 2017 with A1M Pharma and FM Mattsson: https://t.co/T4qWlS0Ckm https://t.co/Rjrvzj6t8d, pronunciation=Analyst Group presents IPO-Letter no. 3 - 2017 with A1M Pharma and FM Mattsson: https://t.co/T4qWlS0Ckm https://t.co/Rjrvzj6t8d, extra_data=""{'translat..."")"
20,22,2017-04-05 11:15:59+00:00,NYTT INL√ÑGG: daniel-p - Tecknade FM Mattsson Mora:  https://t.co/96z2Caegfm,849581377792225281,1,0,,aktiefeed,False,2279,"Translated(src=sv, dest=en, text=NEW POST: daniel-p - Cartoon FM Mattsson Mora: https://t.co/96z2Caegfm, pronunciation=NEW POST: daniel-p - Cartoon FM Mattsson Mora: https://t.co/96z2Caegfm, extra_data=""{'translat..."")"
21,23,2017-04-05 11:09:33+00:00,"@svdborsplus Tecknar #FMMattsson #XMReality och #Actic avst√•r #SSM 

https://t.co/l5AwCmecge",849579759969370112,2,0,,Aktiepappa,False,17467,"Translated(src=sv, dest=en, text=@svdborsplus Sign #FMMattsson #XMReality and #Actic waive #SSM

https://t.co/l5AwCmecge, pronunciation=[[]], extra_data=""{'translat..."")"
22,24,2017-04-05 10:59:45+00:00,"Tecknar du? #Borsplus ger sin syn i en analys ""Blandat och billigt hos #FMMattsson"" L√§s som #prenumerant #Borsplus https://t.co/mzOMF6oK5s",849577290879176704,2,1,,AFV_Analys,False,8656,"Translated(src=sv, dest=en, text=Do you draw? #Borsplus gives its view in an analysis ""Mixed and cheap at #FMMattsson"" Read as #subscriber #Borsplus https://t.co/mzOMF6oK5s, pronunciation=[[]], extra_data=""{'translat..."")"
23,25,2017-04-05 09:00:48+00:00,FM Mattsson hyggligt s√§ker straffspark i form av b√∂rsintroduktion. H√•ller du med? https://t.co/vam3sChN7A https://t.co/Qf2sOkkSAE,849547359348559872,2,1,,rikatillsammans,False,10878,"Translated(src=sv, dest=en, text=FM Mattsson fairly safe penalty kick in the form of IPO. Do you agree? https://t.co/vam3sChN7A https://t.co/Qf2sOkkSAE, pronunciation=None, extra_data=""{'translat..."")"
24,26,2017-04-05 08:04:39+00:00,FM Mattsson Mora ‚Äì √§nnu en hyggligt s√§ker spekulation - https://t.co/biDCC7Cy1e Mattsson ska b√∂rsintroduceras den 10 april och precis som...,849533226360213506,0,0,,ettbattrelivnu,False,515,"Translated(src=sv, dest=en, text=FM Mattsson Mora - another fairly safe speculation - https://t.co/biDCC7Cy1e Mattsson will be listed on the stock exchange on April 10 and just like ..., pronunciation=FM Mattsson Mora - another fairly safe speculation - https://t.co/biDCC7Cy1e Mattsson will be listed on the stock exchange on April 10 and just like ..., extra_data=""{'translat..."")"
25,27,2017-04-04 20:41:39+00:00,"@cytise Lite sv√•rare att s√§ga med nynoteringar, men jag h√•ller med om denna FM Mattsson analys: https://t.co/OE8uBKoRJh",849361342368796672,1,0,,MarcusHernhag,False,29686,"Translated(src=sv, dest=en, text=@cytise A little harder to say with new listings, but I agree with this FM Mattsson analysis: https://t.co/OE8uBKoRJh, pronunciation=@cytise A little harder to say with new listings, but I agree with this FM Mattsson analysis: https://t.co/OE8uBKoRJh, extra_data=""{'translat..."")"
26,28,2017-04-04 18:09:19+00:00,"FM Mattsson inf√∂r IPO -&gt; nu p√• @borsdata

https://t.co/gYvNS0Ww0C https://t.co/EONV9EO7FN",849323007109713922,38,1,,40procent20ar,False,30553,"Translated(src=sv, dest=en, text=FM Mattsson before IPO -> now on @borsdata

https://t.co/gYvNS0Ww0C https://t.co/EONV9EO7FN, pronunciation=[[]], extra_data=""{'translat..."")"
27,29,2017-04-04 18:03:30+00:00,"@MatsQviberg FM Mattsson, √§r det bra grejer att ha i en portf√∂lj om man tror p√• fortsatt stark byggkonjunktur?",849321543666675712,2,0,,Trippelprillan,False,204,"Translated(src=sv, dest=en, text=@MatsQviberg FM Mattsson, is it good stuff to have in a portfolio if you believe in a continued strong construction boom?, pronunciation=@MatsQviberg FM Mattsson, is it good stuff to have in a portfolio if you believe in a continued strong construction boom?, extra_data=""{'translat..."")"
28,31,2017-04-04 13:51:53+00:00,Redan i november 2015 var det t√§nkt att FM Mattsson Mora Group skulle introduceras p√• Nasdaq-b√∂rsen. Men b√∂rsen... https://t.co/OAwYn2uELY,849258223546888193,0,0,,VVSForum,False,1640,"Translated(src=sv, dest=en, text=Already in November 2015, it was thought that FM Mattsson Mora Group would be introduced on the Nasdaq stock exchange. But the stock market ... https://t.co/OAwYn2uELY, pronunciation=[[]], extra_data=""{'translat..."")"
29,32,2017-04-04 12:47:57+00:00,Notering: FM Mattsson en riktig pengakran - https://t.co/CdGxP3fiaw Mattsson Mora Group √§r en v√§lk√§nd marknadsledare som verkar som under...,849242133244649472,0,0,,nordensekonomi,False,561,"Translated(src=sv, dest=en, text=Note: FM Mattsson a real money crane - https://t.co/CdGxP3fiaw Mattsson Mora Group is a well-known market leader who acts as under ..., pronunciation=Note: FM Mattsson a real money crane - https://t.co/CdGxP3fiaw Mattsson Mora Group is a well-known market leader who acts as under ..., extra_data=""{'translat..."")"
30,33,2017-04-04 11:23:34+00:00,"Vilka IPO:er tror ni kommer lyfta? #FMMattsson #ssm #Actic #XMReality
https://t.co/2uCVOtiJeQ #pratapengar https://t.co/HlEnT2M2Rd",849220896715919361,1,0,,Aktiepappa,False,17467,"Translated(src=sv, dest=en, text=Which IPOs do you think will lift? #FMMattsson #ssm #Actic #XMReality
https://t.co/2uCVOtiJeQ #pratapengar https://t.co/HlEnT2M2Rd, pronunciation=[[]], extra_data=""{'translat..."")"
31,34,2017-04-04 08:41:28+00:00,SvD B√∂rsplus rekommenderar teckna f√∂r FM Mattsson inf√∂r b√∂rsnoteringen https://t.co/WJ9x0Lf8G3 https://t.co/Rpb27pU3gy,849180102952968192,0,0,,Nyemissioner,False,15436,"Translated(src=sv, dest=en, text=SvD B√∂rsplus recommends subscribing for FM Mattsson prior to the listing https://t.co/WJ9x0Lf8G3 https://t.co/Rpb27pU3gy, pronunciation=SvD B√∂rsplus recommends subscribing for FM Mattsson prior to the listing https://t.co/WJ9x0Lf8G3 https://t.co/Rpb27pU3gy, extra_data=""{'translat..."")"
32,35,2017-04-04 00:15:37+00:00,Tecknat Actic och XMReality. St√•r √∂ver FM Mattsson. Lycka till d√§r ute! #aktier #ipo,849052801372237825,0,0,,NicklasHemliga,False,197,"Translated(src=sv, dest=en, text=Signed Actic and XMReality. Standing over FM Mattsson. Good luck out there! # shares #ipo, pronunciation=[[]], extra_data=""{'translat..."")"
33,36,2017-04-03 21:17:51+00:00,"@Aktievisten Den teckndes :-), men d√§r fanns tillv√§xt och v√§xt ordentligt sedan dess, l√§r inte FM Mattsson g√∂ra",849008067081641984,1,0,,Buyb4its2l8,False,2905,"Translated(src=sv, dest=en, text=@Aktievisten It was signed :-), but there has been growth and growth properly since then, FM Mattsson does not learn to do, pronunciation=@Aktievisten It was signed :-), but there has been growth and growth properly since then, FM Mattsson does not learn to do, extra_data=""{'translat..."")"
34,37,2017-04-03 20:05:05+00:00,@FM_mattsson √§r inte du g√•rdare? vafaan,848989753387212801,2,0,,joakimwestman1,False,48,"Translated(src=sv, dest=en, text=@FM_mattsson are not you a farmer? vafaan, pronunciation=[[]], extra_data=""{'translat..."")"
35,38,2017-04-03 18:12:53+00:00,H√§rligt Sirius!,848961518960070656,1,0,,FM_mattsson,False,47,"Translated(src=sv, dest=en, text=Wonderful Sirius!, pronunciation=Wonderful Sirius!, extra_data=""{'translat..."")"
36,39,2017-04-03 16:41:04+00:00,"FM Mattsson Tecknar ej Inte dyrt men tr√•kigt v√§rre,0 tillv√§xt,h√•rd konkurrens sv√•rt n√• v marginaler? bra sammanfat https://t.co/KSD1fOTpwh ‚Ä¶",848938411222339585,4,1,,Buyb4its2l8,False,2905,"Translated(src=sv, dest=en, text=FM Mattsson Does not sign Not expensive but sadly worse, 0 growth, fierce competition difficult to reach margins? good summary https://t.co/KSD1fOTpwh‚Ä¶, pronunciation=[[]], extra_data=""{'translat..."")"
37,42,2017-04-03 07:23:01+00:00,FM Mattsson #ipo. N√•n som l√§st n√•gon rekommendation d√§r om att teckna? Verkar tunnt vad jag kan hitta.,848797972259319808,1,0,,srednq,False,392,"Translated(src=sv, dest=en, text=FM Mattsson #ipo. Anyone read any recommendation there about drawing? Seems thin what I can find., pronunciation=[[]], extra_data=""{'translat..."")"
38,43,2017-04-02 14:37:31+00:00,Ska man teckna FM Mattsson? Ledning √§ger f√• aktier. Xtra utd. innan IPO. Sl√•ss m IKEA. V√§xer ej. P/OwnerEarnings 19 https://t.co/Xh8SBc3Qa5,848544930222006273,3,1,,PlaceraPengar,False,2490,"Translated(src=sv, dest=en, text=Should you sign FM Mattsson? Management owns few shares. Xtra utd. before the IPO. Fight with IKEA. Does not grow. P / OwnerEarnings 19 https://t.co/Xh8SBc3Qa5, pronunciation=[[]], extra_data=""{'translat..."")"
39,44,2017-04-02 11:30:43+00:00,F√∂rs√∂kte r√§kna p√• FM Mattsson Mora. Ser intressant ut. √Ñr dock inte s√• van p√• att r√§kna utan att ha VPA f√§rdigt. N√•gon som vill kontrollera? https://t.co/L6GgCAOGX3,848497920928337920,4,0,,aktiealbin,False,22291,"Translated(src=sv, dest=en, text=Tried to count on FM Mattsson Mora. Looks interesting. However, I am not so used to counting without having VPA completed. Anyone want to check? https://t.co/L6GgCAOGX3, pronunciation=[[]], extra_data=""{'translat..."")"
40,45,2017-04-01 19:03:28+00:00,@EfraimLarsson Det namnet √§r ju b√§ttre √§n det f√∂reg√•ende üòÇüòÇüòÇ (Toalettfabriken) FM Mattsson Arena üòÇüòÇüòÇ,848249470177423360,1,0,,stefanlovstrand,False,314,"Translated(src=sv, dest=en, text=@EfraimLarsson That name is better than the previous one üòÇüòÇüòÇ (Toilet factory) FM Mattsson Arena üòÇüòÇüòÇ, pronunciation=@EfraimLarsson That name is better than the previous one üòÇüòÇüòÇ (Toilet factory) FM Mattsson Arena üòÇüòÇüòÇ, extra_data=""{'translat..."")"
41,46,2017-03-30 15:03:57+00:00,FM Mattsson Mora g√∂r nytt f√∂rs√∂k p√• b√∂rsen - https://t.co/JGHd1tukVx FM Mattsson Mora √§r p√• v√§g till Stockholmsb√∂rsen. Svolder g√•r in som...,847464418204176384,0,0,,nordensekonomi,False,561,"Translated(src=sv, dest=en, text=FM Mattsson Mora makes a new attempt on the stock exchange - https://t.co/JGHd1tukVx FM Mattsson Mora is on its way to the Stockholm Stock Exchange. Svolder enters as ..., pronunciation=[[]], extra_data=""{'translat..."")"
42,47,2017-03-30 12:40:58+00:00,"FM Mattsson √•ter mot Stockholmsb√∂rsen - https://t.co/bn0v8d7M9o Mattsson Mora Group, som √§r tillverkare av sanitetsarmaturer som vattenkr...",847428437736251392,0,0,,nordensekonomi,False,561,"Translated(src=sv, dest=en, text=FM Mattsson back to the Stockholm Stock Exchange - https://t.co/bn0v8d7M9o Mattsson Mora Group, which is a manufacturer of sanitary fittings such as hydrothermal ..., pronunciation=FM Mattsson back to the Stockholm Stock Exchange - https://t.co/bn0v8d7M9o Mattsson Mora Group, which is a manufacturer of sanitary fittings such as hydrothermal ..., extra_data=""{'translat..."")"
43,48,2017-03-30 09:45:07+00:00,"Det har varit en l√•ng resa f√∂r att b√∂rsnotera FM Mattsson, tanken var att det skulle blivit av redan f√∂r 7 √•r sedan https://t.co/Te66GdNb3f",847384182531645440,1,0,,Nyemissioner,False,15436,"Translated(src=sv, dest=en, text=It has been a long journey to list FM Mattsson on the stock exchange, the idea was that it would have happened 7 years ago https://t.co/Te66GdNb3f, pronunciation=It has been a long journey to list FM Mattsson on the stock exchange, the idea was that it would have happened 7 years ago https://t.co/Te66GdNb3f, extra_data=""{'translat..."")"
44,49,2017-03-30 09:42:21+00:00,FM Mattsson Mora Group g√∂r en nyemission p√• 136 Mkr inf√∂r sin notering p√• Nasdaq Stockholm den 10 april https://t.co/tL7BvshFNG,847383487778664453,3,1,,Nyemissioner,False,15436,"Translated(src=sv, dest=en, text=FM Mattsson Mora Group makes a new issue of SEK 136 million prior to its listing on Nasdaq Stockholm on April 10 https://t.co/tL7BvshFNG, pronunciation=FM Mattsson Mora Group makes a new issue of SEK 136 million prior to its listing on Nasdaq Stockholm on April 10 https://t.co/tL7BvshFNG, extra_data=""{'translat..."")"
45,50,2017-03-30 09:30:31+00:00,"FM Mattsson Mora genomf√∂r nyintroduktion p√• Stockholmsb√∂rsen, Svolder ankarinvesterare - https://t.co/PIdAB8Ymt5",847380509902622722,0,0,,InvestingSverig,False,1381,"Translated(src=sv, dest=en, text=FM Mattsson Mora conducts new introduction on the Stockholm Stock Exchange, Svolder anchor investor - https://t.co/PIdAB8Ymt5, pronunciation=FM Mattsson Mora conducts new introduction on the Stockholm Stock Exchange, Svolder anchor investor - https://t.co/PIdAB8Ymt5, extra_data=""{'translat..."")"
46,51,2017-03-30 08:54:13+00:00,FM Mattsson √•ter mot Stockholmsb√∂rsen https://t.co/w2qrnWz1O6,847371374746152961,0,0,,Aktievisten,False,4632,"Translated(src=sv, dest=en, text=FM Mattsson again against the Stockholm Stock Exchange https://t.co/w2qrnWz1O6, pronunciation=FM Mattsson again against the Stockholm Stock Exchange https://t.co/w2qrnWz1O6, extra_data=""{'translat..."")"
47,52,2017-03-30 08:52:51+00:00,"FM Mattsson Mora genomf√∂r nyintroduktion p√• Stockholmsb√∂rsen, Svolder ankarinvesterare https://t.co/ES3sz5uvM8 #industrials #ipo",847371028032389122,7,0,,Finwire,False,23859,"Translated(src=sv, dest=en, text=FM Mattsson Mora conducts new introduction on the Stockholm Stock Exchange, Svolder anchor investor https://t.co/ES3sz5uvM8 #industrials #ipo, pronunciation=FM Mattsson Mora conducts new introduction on the Stockholm Stock Exchange, Svolder anchor investor https://t.co/ES3sz5uvM8 #industrials #ipo, extra_data=""{'translat..."")"
48,54,2017-03-30 08:37:06+00:00,FM Mattsson Mora Group AB offentligg√∂r b√∂rsnotering p√• Nasdaq Stockholm och prospekt samt pris i anledning d√§rav https://t.co/F5DK6WymQo,847367064276709377,0,0,,CisionNews,False,2148,"Translated(src=sv, dest=en, text=FM Mattsson Mora Group AB publishes listing on Nasdaq Stockholm and prospectus and price due to this https://t.co/F5DK6WymQo, pronunciation=FM Mattsson Mora Group AB publishes listing on Nasdaq Stockholm and prospectus and price due to this https://t.co/F5DK6WymQo, extra_data=""{'translat..."")"
49,56,2017-03-28 23:08:55+00:00,"Varf√∂r st√•r det FM Mattsson Arena p√• Moras hemmahall, n√§r den heter Smidjegrav Arena? #moraik #twittpuck #FMmattsson #smidjegrav #bytskylt",846861690344030208,0,0,,ClissG,False,24,"Translated(src=sv, dest=en, text=Why does it say FM Mattsson Arena at Mora's home hall, when it is called Smidjegrav Arena? #moraik #twittpuck #FMmattsson #smidjegrav #bytskylt, pronunciation=[[]], extra_data=""{'translat..."")"
50,57,2017-03-28 17:29:21+00:00,@Gunnar56 Har √§ven hetat FM Mattsson arena om jag minns r√§tt.,846776235665575936,1,0,,Kefo65,False,46,"Translated(src=sv, dest=en, text=@ Gunnar56 Has also been called FM Mattsson arena if I remember correctly., pronunciation=@ Gunnar56 Has also been called FM Mattsson arena if I remember correctly., extra_data=""{'translat..."")"
51,58,2017-03-25 11:32:29+00:00,"N√§r man inser att den inte ens tv√• √•r gamla k√∂ksblandaren √§r ot√§t... 
#fmmattsson https://t.co/P0wuX1S3Ha",845599261526020096,0,0,,Servicegubben,False,1162,"Translated(src=sv, dest=en, text=When you realize that not even the two-year-old kitchen faucet is leaky ...
#fmmattsson https://t.co/P0wuX1S3Ha, pronunciation=[[]], extra_data=""{'translat..."")"
52,59,2017-03-24 19:36:38+00:00,Tydligen k√∂pte FM Mattsson namnr√§ttigheten f√∂r en period och efter det √•tergick namnet till Smidjegrav. R√§tt eller fel? (Dock inte graven) https://t.co/i4Osuogmrr,845358717277290497,0,0,,MatsOBJansson,False,923,"Translated(src=sv, dest=en, text=Apparently FM Mattsson bought the naming rights for a period and after that the name returned to Smidjegrav. Right or wrong? (However not the grave) https://t.co/i4Osuogmrr, pronunciation=None, extra_data=""{'translat..."")"
53,60,2017-03-24 19:07:55+00:00,varf√∂r byter inte Mora fr√•n FM mattsson arena till smidjegrav arena som den heter? arena namn allts√•,845351487568007169,0,0,,CrickeP47,False,103,"Translated(src=sv, dest=en, text=why does Mora not change from FM mattsson arena to smidjegrav arena as it is called? arena name then, pronunciation=[[]], extra_data=""{'translat..."")"
54,61,2017-03-22 20:29:39+00:00,"5 mil mellan FM Mattsson och Ejendal. Bra hets!
Hade varit n√§rmst i SHL.
Idag 10 arenaavst√•nd mellan 9-20 mil.",844647282356178944,0,0,,Mr_MadLouse,False,1353,"Translated(src=sv, dest=en, text=50 km between FM Mattsson and Ejendal. Good heat!
Had been closest in the SHL.
Today 10 arena distances between 9-20 miles., pronunciation=[[]], extra_data=""{'translat..."")"
55,62,2017-03-17 18:15:33+00:00,Finn ett fel ...#fmmattsson https://t.co/UWKldJhxkz,842801596039905280,0,0,,k_sponton,False,37,"Translated(src=sv, dest=en, text=Find an error ... # fmmattsson https://t.co/UWKldJhxkz, pronunciation=Find an error ... # fmmattsson https://t.co/UWKldJhxkz, extra_data=""{'translat..."")"
